nomes_populares,nomes_cientifico,remedio,laboratorio,indicacao,posologia,descarte,contra_indicacoes,parte_usada,indicacoes_extemporaneas,modo_de_preparo,modo_de_uso,contra_indicacoes_extemporaneas,localizacao,imagem_demonstracao1,imagem_demonstracao2,img_remedio_demonstracao
Macela; marcela; macela-do-campo,Achyrocline satureioides,Não há,,,,,,Inflorescência,"Auxilia no alívio de sintomas dispépticos, atua como antiespasmódico e possui ação anti-inflamatória.","Ultilizar de 0,5 a 1,5 gramas da droga vegetal em 150 mL de água. Adicionar a água fervente sobre a droga vegetal e deixar em infusão por 10 a 15 minutos antes de consumir.","Tomar 150 mL do infuso, duas a três vezes ao dia, logo após o preparo.","Durante a gestação, lactação e em menores de 18 anos, o uso é contraindicado devido à falta de dados adequados que comprovem a segurança nessas condições. Em casos raros, pode provocar vertigem, cefaleia, alergias oculares e fitofotodermatose (dermatite de contato pós-exposição solar). Pode potencializar o efeito da insulina, barbitúricos e outros sedativos. Pessoas que apresentem episódios de hipoglicemia devem buscar orientação médica ou farmacêutica antes de usar o produto. Em caso de efeitos adversos, suspenda o uso e consulte um médico ou farmacêutico.",https://www.google.com/maps/embed?pb=!1m18!1m12!1m3!1d31793018.894942272!2d-73.16447107577312!3d-13.413332832511053!2m3!1f0!2f0!3f0!3m2!1i1024!2i768!4f13.1!3m3!1m2!1s0x9c59c7ebcc28cf%3A0x295a1506f2293e63!2sBrasil!5e0!3m2!1spt-BR!2sbr!4v1737924347459!5m2!1spt-BR!2sbr,https://encrypted-tbn0.gstatic.com/images?q=tbn:ANd9GcRxhKO4wxWy56hZ0WSeO9o39e-4Ay84epp1bBnhX4yaAg&s=10,https://encrypted-tbn0.gstatic.com/images?q=tbn:ANd9GcQNL5ZIgWzBGl5lnI8F2_vpbyRxACd6V2HC0CsfDddhW_rNXAvpVKHaupw&s=10,
Cavalinha,Equisetum arvense L,Cavalinha Orient,ORIENT MIX FITOTERÁPICOS DO BRASIL LTDA,Diurético suave utilizado no tratamento de infecções do trato urinário inferior e dos rins.,"Ingerir 1 cápsula, 2 vezes ao dia.","Não descartar em lixo doméstico ou vaso sanitário. Descartar em pontos de coleta, como farmácias comunitárias e unidades básicas de saúde, conforme políticas locais.","Pacientes com hipersensibilidade a extratos de E. arvensis ou outras plantas da família Equisetaceae, bem como aqueles com disfunção cardíaca ou renal, devem evitar o uso. O consumo por gestantes e mulheres em fase de amamentação não é recomendado, pois a presença de alcaloides pode induzir ação citotóxica. Também é contraindicado para crianças menores de 12 anos.",Partes aéreas,"Auxilia no aumento do fluxo urinário, funcionando como adjuvante no tratamento de condições leves do trato urinário, desde que situações graves tenham sido previamente descartadas por um médico.",Utilizar de 1 a 4 gramas da droga vegetal em 150 mL de água. Despejar a água fervente sobre a droga vegetal e deixar em infusão por 10 a 15 minutos antes do uso.,"Tomar 150 mL do infuso de três a quatro vezes ao dia, respeitando a dose máxima diária de 3 a 12 g da planta inteira.","Tradicionalmente, as formulações indicadas para o aumento do fluxo urinário são administradas por um período de duas a quatro semanas. O uso é contraindicado durante a gestação, lactação e para crianças menores de 12 anos, devido à falta de dados adequados que comprovem a segurança nessas condições. Não é recomendado em situações de saúde nas quais a ingestão de líquidos deve ser restrita, como em casos de doenças cardíacas ou renais graves, ou obstrução das vias urinárias. Caso ocorra febre, disúria, cólicas ou hematúria durante o uso, um médico deve ser consultado. Por via oral, pode causar desconforto gastrointestinal e reações alérgicas. Não é recomendado o uso concomitante com diuréticos sintéticos. O uso excessivo pode levar à carência de vitamina B1 (tiamina) e, se prolongado, pode causar hipocalemia. Pode inibir a enzima CYP1A2, alterando o metabolismo de certos fármacos. Também pode haver interação com digitálicos e glicosídeos cardiotônicos, devido à perda de potássio associada ao efeito diurético. Em caso de efeitos adversos, suspender o uso do produto e consultar um médico ou farmacêutico.",https://www.google.com/maps/embed?pb=!1m18!1m12!1m3!1d5083749.631825684!2d9.12018113237542!3d51.526064052813986!2m3!1f0!2f0!3f0!3m2!1i1024!2i768!4f13.1!3m3!1m2!1s0x47009964a4640bbb%3A0x97573ca49cc55ea!2zUG9sw7RuaWE!5e0!3m2!1spt-BR!2sbr!4v1737924380690!5m2!1spt-BR!2sbr,https://encrypted-tbn0.gstatic.com/images?q=tbn:ANd9GcQBu1TZ9WoOBXI5a7H5lQHjOy9hKrmc15KjqQ&s,https://plantsam.com/wp-content/uploads/2014/06/Equisetum-arvense-8.jpg,
"Sene, sena",Senna alexandrina Mill,Active Plus,MAKROFARMA QUIMICA FARMACEUTICA LTDA.,Tratamento de constipação intestinal ocasional e como laxativo.,Ingerir de 1 a 2 cápsulas ao deitar (adultos e crianças acima de 12 anos). Ingerir de 1 cápsula aao deitar (crianças de 8 a 12 anos). Recomenda-se não exceder o período de 7 dias de tratamento.,"Não descartar em lixo doméstico ou vaso sanitário. Descartar em pontos de coleta, como farmácias comunitárias e unidades básicas de saúde, conforme políticas locais.","Pacientes com hipersensibilidade aos componentes da fórmula, menores de 12 anos, grávidas, lactantes, pacientes com constipação intestinal crônica, distúrbios intestinais, dores abdominais, doenças inflamatórias intestinais (doença de Crohn, retocolite ulcerativa), apendicite, desidratação grave com perda de água e eletrólitos e em pacientes portadores de diabetes mellitus de difícil controle. O uso de S. alexandrina pode reduzir a absorção de fármacos, como por exemplo os estrógenos (anticoncepcionais orais) e pode também potencializar o efeito de glicosídeos cardiotônicos (digitálicos) e as arritmias cardíacas ou os efeitos antiarrítmicos, quando uso concomitante com quinidina. O uso simultâneo com outros medicamentos que induzem à hipocalemia, como diuréticos tiazídicos, adrenocorticosteroides ou raiz de alcaçuz, pode exacerbar o desequilíbrio eletrolítico, resultando em disfunções cardíacas e neuromusculares. Pode haver interação com a nifedipina e indometacina e outros anti-inflamatórios não hormonais.",,,,,,https://www.google.com/maps/embed?pb=!1m18!1m12!1m3!1d30773484.55170563!2d61.02451656116589!3d19.69009515037612!2m3!1f0!2f0!3f0!3m2!1i1024!2i768!4f13.1!3m3!1m2!1s0x30635ff06b92b791%3A0xd78c4fa1854213a6!2zw41uZGlh!5e0!3m2!1spt-BR!2sbr!4v1737924401796!5m2!1spt-BR!2sbr,https://a-static.mlcdn.com.br/800x600/muda-de-sene-planta-com-propriedades-medicinais-altura-de-040-cm-a-080-cm-amk-jardinagem-e-paisagismo/amk-jardinagemepaisagismo/657833597/91391b2988c14a18a44c235f7eeda1e6.jpeg,https://encrypted-tbn0.gstatic.com/images?q=tbn:ANd9GcTHe60oumRImXIFMZ84FFfwW8RHg0TLvrDEht7-2crHTEN1WuDLOdhQVRxj&s=10,
"Camomila, camomila-verdadeira, maçanilha",Matricaria chamomilla L,AD-MUC,BIOLAB SANUS FARMACÊUTICA LTDA,"Tratamento de gengivite (inflamação da gengiva), estomatite (inflamação da mucosa oral) e outras inflamações da cavidade bucal. Também é indicado nas irritações bucais originadas de dentaduras mal ajustadas.","Aplicar a pomada 2 vezes ao dia, após escovar os dentes.","Não descartar em lixo doméstico ou vaso sanitário. Descartar em pontos de coleta, como farmácias comunitárias e unidades básicas de saúde, conforme políticas locais.","Lactantes, menores de 3 anos e pacientes em uso de anticoagulantes, pois pode ocorrer potencialização dos efeitos.",Inflorescências,"Auxilia no tratamento sintomático de queixas gastrointestinais leves, como distensão abdominal e espasmos suaves.","Ultilizar de 0,5 a 4 gramas de droga vegetal em 100-150 mL de água. Adicionar a água fervente sobre a droga vegetal e deixar em repouso por 10-15 minutos antes de usar.","Uso pediátrico entre 6 meses e 2 anos: tomar uma dose do infuso, preparado a partir de 0,5 a 1 g da droga vegetal, duas a quatro vezes ao dia. Uso pediátrico entre 2 anos e 6 anos: tomar uma dose do infuso, preparado a partir de 1 a 1,5 g da droga vegetal, duas a quatro vezes ao dia. Uso pediátrico entre 6 anos e 12 anos: tomar uma dose do infuso, preparado a partir de 1,5 a 3 g da droga vegetal, duas a quatro vezes ao dia. Uso adulto e pediátrico acima de 12 anos: tomar uma dose do infuso, preparado a partir de 1,5 a 4 g da droga vegetal, três a quatro vezes ao dia. partir de 3 a 10 g da droga vegetal, diversas vezes ao dia.","O uso oral é contraindicado para crianças menores de 6 meses, assim como a inalação não é recomendada a menores de 6 anos. Reações de hipersensibilidade, de frequência não conhecida, incluindo reações alérgicas severas (dispneia, doença de Quincke, colapso vascular, choque anafilático) foram relatadas após contato de mucosas com preparações líquidas de M. chamomilla. Foram relatadas interações baseadas no efeito na CYP450 em pacientes após transplante renal tomando altas doses de matricária por longos períodos (cerca de dois meses). Não administrar junto a anticoagulantes, pois pode ocorrer potencialização dos efeitos, também não administrar junto a aminoácidos que contenham grupos sulfidrila como a cisteína e a N-glicina. O efeito pode diminuir se administrado junto a anti-inflamatórios não esteroidais. O uso oromucoso e cutâneo é recomendado somente para pessoas maiores de 12 anos de idade. O uso cutâneo é contraindicado em caso de lesões profundas ou extensas. Podem surgir reações alérgicas e dermatite de contato. Em caso de aparecimento de eventos adversos, suspender o uso do produto e consultar um médico ou farmacêutico.",https://www.google.com/maps/embed?pb=!1m18!1m12!1m3!1d7292975.193877096!2d25.58305514339325!3d26.807394875043453!2m3!1f0!2f0!3f0!3m2!1i1024!2i768!4f13.1!3m3!1m2!1s0x14368976c35c36e9%3A0x2c45a00925c4c444!2sEgito!5e0!3m2!1spt-BR!2sbr!4v1737924430938!5m2!1spt-BR!2sbr,https://www.hortaemcasa.info/wp-content/uploads/2018/12/camomilas-.jpg,http://www.opas.org.br/wp-content/uploads/2016/03/camomila-seca.jpg,https://th.bing.com/th/id/OIP.AQKaGzuuyq-BvI8CaJyJGgHaHa?rs=1&pid=ImgDetMain
"Melissa, cidrilha, melitéia, erva-cidreira-verdadeira.",Melissa officinalis L,Sonolis,AIRELA INDÚSTRIA FARMACÊUTICA LTDA,"Carminativo, antiespasmódico e ansiolítico leve","Ingerir 40 gotas (2 mL) diluído em água, 2 vezes ao dia (crianças acima de 12 anos). Ingerir 60 gotas (3 mL) diluído em água, 2 vezes ao dia (adultos).","Não descartar em lixo doméstico ou vaso sanitário. Descartar em pontos de coleta, como farmácias comunitárias e unidades básicas de saúde, conforme políticas locais.","Pacientes com hipersensibilidade aos componentes da fórmula, pessoas com hipotireoidismo, menores de 12 anos, grávidas e lactantes, e o uso concomitante com sedativos.",Folhas,"Auxilia no alívio da ansiedade e insônia leves. Como auxiliar no tratamento sintomático de queixas gastrintestinais leves, tais como distensão abdominal e flatulência.","Ultilizar de 1,5 a 4,5 gramas da droga vegetal em 150 mL de água. Adicionar a água fervente sobre a droga vegetal e deixar em repouso por 10-15 minutos antes de usar.",Tomar 150 mL do infuso até três vezes ao dia.,"O uso é contraindicado durante a gestação, lactação e para menores de 12 anos, devido à falta de dados adequados que comprovem a segurança nessas situações. Se persistirem os sintomas por tempo maior que duas semanas de uso do produto ou se houver agravamento do quadro clínico, um médico deverá ser consultado. Esse produto pode comprometer a capacidade de conduzir e utilizar máquinas, portanto as pessoas em uso deste produto não devem dirigir ou operar máquinas. Não deve ser utilizado nos casos de hipotireoidismo e utilizar cuidadosamente em pessoas com hipotensão arterial. É contraindicado em pessoas com glaucoma e hiperplasia benigna de próstata. Pode aumentar o efeito hipnótico do pentobarbital e hexobarbital. Em caso de aparecimento de eventos adversos, suspender o uso do produto e consultar um médico ou farmacêutico.",https://www.google.com/maps/embed?pb=!1m18!1m12!1m3!1d5135974.556607946!2d5.174593552026834!3d51.056779222299596!2m3!1f0!2f0!3f0!3m2!1i1024!2i768!4f13.1!3m3!1m2!1s0x479a721ec2b1be6b%3A0x75e85d6b8e91e55b!2sAlemanha!5e0!3m2!1spt-BR!2sbr!4v1737924457217!5m2!1spt-BR!2sbr,https://cdnm.westwing.com.br/glossary/uploads/br/2023/06/27204740/erva-cidreira-1.png,https://static.tuasaude.com/media/article/yq/ux/beneficios-do-cha-de-erva-cidreira_52845_l.jpg,https://th.bing.com/th/id/R.2ae1781a1b8945bc5282c167749c733c?rik=oxuM1nS8zZuXXQ&riu=http%3a%2f%2foestepharma.com.br%2fimg%2fprodutos%2f001%2f23462.jpg&ehk=MqctjZP9YWput40UJ%2bRiFLtMfWq%2fMi1FIM%2bAzLCk%2bT4%3d&risl=&pid=ImgRaw&r=0
"Alecrim, rosmarino",Rosmarinus officinalis L,Não há,,,,,,Folhas,Auxilia no alívio de sintomas dispépticos; auxilia nas desordens espasmódicas leves do trato gastrointestinal.,Ultilizar de 1 a 2 gramas da droga vegetal em 150 mL de água. Adicionar a água fervente sobre a droga vegetal e deixar em repouso por 10-15 minutos antes de usar.,"Tomar de 150 a 250 mL do infuso, conforme preparado, 15 minutos após o preparo, duas a três vezes ao dia entre as refeições.","O uso é contraindicado para crianças menores de 12 anos, gestantes e lactantes, devido à falta de dados adequados que comprovem a segurança nessas situações. Pessoas com obstrução dos ductos biliares ou qualquer outra disfunção, colangite ou doenças hepáticas, necessitam de supervisão de um médico para o uso destas preparações. Pode alterar o sono se utilizada à noite, antes de dormir. Utilizar com cautela em hipertensos, diabéticos e portadores de adenomas prostáticos. Pode reduzir o limiar convulsígeno em pacientes epilépticos. Em caso de aparecimento de eventos adversos, suspender o uso do produto e consultar um médico ou farmacêutico.",https://www.google.com/maps/embed?pb=!1m18!1m12!1m3!1d13333381.99881003!2d-17.58106473937053!3d35.3253526618782!2m3!1f0!2f0!3f0!3m2!1i1024!2i768!4f13.1!3m3!1m2!1s0xc42e3783261bc8b%3A0xa6ec2c940768a3ec!2sEspanha!5e0!3m2!1spt-BR!2sbr!4v1737924488882!5m2!1spt-BR!2sbr,https://projetojardinando.com.br/wp-content/uploads/2020/05/alecrim_destaque_1280x720_1-1-1024x576.jpg,https://media.plantamus.com/product/romero-rosmarinus-officinalis-800x800.jpg,
"Babosa, babosa-medicinal, erva-babosa",Aloe vera (L.) Burm.f.,Não há,,,,,,Gel mucilaginoso incolor,"Cicatrizante nos casos de ferimentos leves, desordens inflamatórias na pele, incluindo queimaduras (de 1º e 2º grau), escoriações e abrasões.","Material mucilaginoso, translúcido e incolor, presente no interior das folhas.","Aplicar o gel nas áreas afetadas, de uma a três vezes ao dia.","O uso é contraindicado durante a gestação, lactação e para menores de 18 anos, devido à falta de dados adequados que comprovem a segurança nessas situações. Descontinuar o uso se houver relatos de dermatite de contato e sensação de dor tipo queimação na pele lesionada ou ferida. Em caso de aparecimento de eventos adversos, suspender o uso do produto e consultar um médico ou farmacêutico.",https://www.google.com/maps/embed?pb=!1m18!1m12!1m3!1d15021739.01132578!2d-113.27220181529623!3d23.19147808614928!2m3!1f0!2f0!3f0!3m2!1i1024!2i768!4f13.1!3m3!1m2!1s0x84043a3b88685353%3A0xed64b4be6b099811!2zTcOpeGljbw!5e0!3m2!1spt-BR!2sbr!4v1737924602874!5m2!1spt-BR!2sbr,https://escolaeducacao.com.br/wp-content/uploads/2020/12/babosa.jpg,https://www.solaria.com.br/wp-content/uploads/2021/03/Babosa-1536x864.png,
Hortelã-pimenta,Mentha x piperita L.,Não há,,,,,,Folhas,"Auxilia no alívio de sintomas dispépticos, tal como flatulência.",Ultilizar de 1 a 3 gramas da droga vegetal em 100-150 mL de água. Adicionar a água fervente sobre a droga vegetal e deixar em repouso por 10-15 minutos antes de usar.,Tomar o infuso três vezes ao dia,"O uso é contraindicado durante a gestação e lactação. Se os sintomas persistirem ao longo de duas semanas do uso desse produto, um médico deverá ser consultado. Pessoas com refluxo gastroesofágico devem evitar o uso de preparações a base de Mentha x piperita, pois pode ocorrer piora do quadro, além de causar irritação da mucosa gástrica, incluindo estomatite, esofagite severa, gastrite, diarreia, pancreatite e piora dos sintomas de pirose. Pessoas portadoras de cálculos biliares e outros distúrbios biliares devem ser cautelosos ao utilizarem o fitoterápico. O uso em crianças menores de 4 anos de idade não é recomendado, pois não há dados disponíveis que comprovem a segurança do uso. O uso é contraindicado para portadores de cálculos biliares, obstrução dos ductos biliares, danos hepáticos severos e litíase urinária. Em altas dosagens pode estar relacionado a lesões hepáticas, nefrite intersticial e insuficiência renal aguda. Pessoas que apresentam hipersensibilidade a salicilatos e asma induzida por aspirina (AIA) devem utilizar este produto com cautela. Pessoas sensíveis podem apresentar irritabilidade e insônia paradoxal. Estudos recentes demonstram diminuição da produção de leite materno. Pode interagir com os medicamentos repositores de estrogênio, potencializando seus efeitos. Pode inibir o metabolismo de fármacos metabolizados por subtipos de CYP3A como nifedipino e ciclosporina, e aumentar a concentração sérica de felodipino. Pode aumentar os efeitos de fármacos inibidores do canal de cálcio ou outros hipotensores cronotrópicos negativos. Pode reduzir a absorção de ferro. Outros sintomas ocasionalmente relatados incluem: náuseas, vômitos, dor abdominal e ardência na região perianal. Em caso de aparecimento de eventos adversos, suspender o uso do produto e consultar um médico ou farmacêutico.",https://www.google.com/maps/embed?pb=!1m18!1m12!1m3!1d4949247.413431866!2d-7.606263359422975!3d52.720918583622776!2m3!1f0!2f0!3f0!3m2!1i1024!2i768!4f13.1!3m3!1m2!1s0x47d0a98a6c1ed5df%3A0xf4e19525332d8ea8!2sInglaterra%2C%20Reino%20Unido!5e0!3m2!1spt-BR!2sbr!4v1737924583729!5m2!1spt-BR!2sbr,https://encrypted-tbn0.gstatic.com/images?q=tbn:ANd9GcS2goWcyXWoO_2L9jRc_o7q-cKqCzCPl3LFkDTt2u0h6g&s=10,https://d168rbuicf8uyi.cloudfront.net/wp-content/uploads/2021/05/23175413/oleo-essencial-de-hortela-pimenta.jpg,
Gengibre,Zingiber officinale Roscoe,Gengimin,FARMOQUÍMICA S/A,Prevenção de náuseas e enjoo causados por movimento (cinetose) e pós-cirúrgicos.,"Ingerir 1 comprimido ao dia (crianças acima de 6 anos). Ingerir 1 comprimido, 2 a 3 vezes ao dia (adultos). Para a prevenção da cinetose, administrar de uma só vez a dosagem diária indicada, 30 minutos antes da viagem.","Não descartar em lixo doméstico ou vaso sanitário. Descartar em pontos de coleta, como farmácias comunitárias e unidades básicas de saúde, conforme políticas locais.","Pacientes com hipersensibilidade aos componentes da fórmula, crianças menores de 6 anos, grávidas, pessoas com cálculos biliares, irritação gástrica e hipertensão arterial. Pacientes em uso de hipoglicemiantes orais ou insulina e anticoagulantes.",Rizomas,Auxilia na prevenção da cinetose (enjoo do movimento).,"Ultilizar de 0,2 a 3 gramas da droga vegetal em 100 mL de água. Ferver a droga vegetal junto com água por 5-10 minutos, deixar resfriar e tomar.","Tomar de duas a quatro vezes ao dia, 30 minutos antes de iniciar a situação potencialmente causadora da náusea.","O uso em crianças não é recomendado. O uso é contraindicado para pessoas portadoras de cálculos biliares, irritação gástrica e hipertensão arterial. Não usar concomitantemente com anticoagulantes. O uso na gestação é contraindicado, por inibir a enzima tromboxano sintetase, podendo afetar a ação da testosterona no concepto. O uso também é contraindicado durante a lactação e para menores de 18 anos devido à falta de dados adequados que comprovem a segurança nessas situações. Não deve ser utilizado em pessoas portadoras de litíase biliar e em altas doses antes de cirurgias. Possui ação inibidora da ciclooxigenase e da 5-lipoxigenase. O gengibre pode interferir no processo de coagulação sanguínea, parâmetros imunológicos, devido a sua capacidade de inibir a tromboxano sintetase e atuar como agonista de prostaciclina. Doses muito elevadas podem causar arritmias e depressão do Sistema Nervoso Central (SNC). Dependendo da dose utilizada, algumas pessoas podem apresentar irritação gástrica e, quando mais elevadas, podem provocar cólicas digestivas, hipertensão arterial e tonturas Em caso de aparecimento de eventos adversos, suspender o uso do produto e consultar um médico ou farmacêutico.",https://www.google.com/maps/embed?pb=!1m18!1m12!1m3!1d30773484.55170563!2d61.02451656116589!3d19.69009515037612!2m3!1f0!2f0!3f0!3m2!1i1024!2i768!4f13.1!3m3!1m2!1s0x30635ff06b92b791%3A0xd78c4fa1854213a6!2zw41uZGlh!5e0!3m2!1spt-BR!2sbr!4v1737924557801!5m2!1spt-BR!2sbr,https://content.paodeacucar.com/wp-content/uploads/2019/08/gengibre-capa.jpg,https://4.bp.blogspot.com/-o7OUlWGLOyc/VSMSs4nFKaI/AAAAAAAAkoI/4lnrIkCwzWA/s1600/gengibre-semana25.jpg,https://th.bing.com/th/id/OIP.mE4VZOAb7aIq6cn_XMxnvgHaD-?rs=1&pid=ImgDetMain
"Boldo, boldo-do-chile",Peumus boldus Molina,Biohepaton,PHARMASCIENCE INDUSTRIA FARMACEUTICA S.A.,"Tratamento de distúrbios digestivos leves, atuando na redução de espasmos gastrointestinais e no tratamento de distúrbios hepatobiliares, com ação colagoga e colerética.","Ingerir de 4 a 7 flaconetes ao dia, antes ou depois das principais refeições.","Não descartar em lixo doméstico ou vaso sanitário. Descartar em pontos de coleta, como farmácias comunitárias e unidades básicas de saúde, conforme políticas locais.","Pessoas com hipersensibilidade aos componentes da fórmula, menores de 6 anos, grávidas, lactantes, pacientes com obstrução das vias biliares, cálculos biliares, quadros de inflamação ou câncer no ducto biliar e com câncer no pâncreas; pacientes com doenças severas no fígado, como hepatite viral, cirrose ou hepatite tóxica.",Folhas,Auxilia no alívio dos sintomas dispépticos,Ultilizar de 1 a 2 gramas da droga vegetal em 150 mL de água. Adicionar a água fervente sobre a droga vegetal e deixar em repouso por 10-15 minutos antes de usar.,"Tomar 150 mL do infuso, 10 a 15 minutos após o preparo, de duas a três vezes ao dia.","O uso é contraindicado para pessoas portadoras de cálculos biliares e obstrução dos ductos biliares, colangite, doenças hepáticas, câncer de ducto biliar e pâncreas, devido aos efeitos colagogo e colerético. É contraindicado às gestantes e lactantes devido à presença de alcaloides e risco de neurotoxicidade. Foram observados danos ao concepto em modelos animais. O uso pediátrico não é recomendado, devido à ausência de estudos que comprovem tal segurança. Em caso de aparecimento de eventos adversos, suspender o uso do produto e consultar um médico ou farmacêutico.",https://www.google.com/maps/embed?pb=!1m18!1m12!1m3!1d26731959.56965953!2d-109.50341163925447!3d-35.127214888014876!2m3!1f0!2f0!3f0!3m2!1i1024!2i768!4f13.1!3m3!1m2!1s0x9662c5410425af2f%3A0x505e1131102b91d!2sChile!5e0!3m2!1spt-BR!2sbr!4v1737924533802!5m2!1spt-BR!2sbr,https://vitat.com.br/wp-content/uploads/2020/01/cha-de-boldo-do-chile.jpg,https://www.eusemfronteiras.com.br/wp-content/uploads/2023/01/shutterstock_1785488123-810x608.jpg,https://e.drogasul.med.br/9351-large_default/biohepaton-adulto-10-ml-60-flaconetes.jpg
"Valeriana, erva-de-gato",Valeriana officinalis L.,Acalmilfito,MULTILAB INDUSTRIA E COMERCIO DE PRODUTOS FARMACEUTICOS LTDA.,"Tratamento de distúrbios do sono (insônia) associados à ansiedade, como sedativo moderado e hipnótico.",Ingerir 2 comprimidos antes das principais refeições (almoço e janta).,"Não descartar em lixo doméstico ou vaso sanitário. Descartar em pontos de coleta, como farmácias comunitárias e unidades básicas de saúde, conforme políticas locais.","Pacientes com hipersensibilidade aos componentes da fórmula, hipotensão (presão baixa), grávidas e lactantes.",Raízes,Auxilia como sedativo leve e como indutor do sono.,"Ultilizar de 0,3 a 3 gramas em 150 mL de água. Adicionar a água fervente sobre a droga vegetal e deixar em repouso por 10-15 minutos antes de usar.",Tomar 150 mL até três vezes ao dia (sedativo leve).,"O uso é contraindicado durante a gestação, lactação e para menores de 12 anos, devido à falta de dados adequados que comprovem a segurança nessas situações. ",https://www.google.com/maps/embed?pb=!1m18!1m12!1m3!1d23133109.038613603!2d18.231345001652933!3d49.09948512840084!2m3!1f0!2f0!3f0!3m2!1i1024!2i768!4f13.1!3m3!1m2!1s0x46ed8886cfadda85%3A0x72ef99e6b3fcf079!2sEuropa!5e1!3m2!1spt-BR!2sbr!4v1737932264932!5m2!1spt-BR!2sbr,https://th.bing.com/th/id/OIP.Y8Pae96Y7uAPWPJifRLpbQHaEo?rs=1&pid=ImgDetMain,https://encrypted-tbn0.gstatic.com/images?q=tbn:ANd9GcTvXRcZXuU49nsnwKZQKXY_kud4DgbwI5QjkCnL5oDaQGsSThKkEn57s-g&s=10,https://encrypted-tbn0.gstatic.com/images?q=tbn:ANd9GcSnPdNyVHGx5FyO_H8lPwtqcZXiKJW8-YG9GuhSPUQR8g&s=10
"Maracujá, flor-da-paixão",Passiflora incarnata L.,Acalmilfito,MULTILAB INDUSTRIA E COMERCIO DE PRODUTOS FARMACEUTICOS LTDA.,"Tratamento de distúrbios do sono (insônia) associados à ansiedade, como sedativo moderado e hipnótico.",Ingerir 2 comprimidos antes das principais refeições (almoço e janta).,"Não descartar em lixo doméstico ou vaso sanitário. Descartar em pontos de coleta, como farmácias comunitárias e unidades básicas de saúde, conforme políticas locais.","Pacientes com hipersensibilidade aos componentes da fórmula, hipotensão (presão baixa), grávidas e lactantes.",Partes aéreas.,Auxilia no alívio da ansiedade e insônia leves.,Chá (Infusão),Tomar 150 mL do infuso até quatro vezes ao dia.,"O uso é contraindicado durante a gestação, lactação e para menores de 12 anos, devido à falta de dados adequados que comprovem a segurança nessas situações.",https://www.google.com/maps/embed?pb=!1m18!1m12!1m3!1d61355495.56201599!2d-99.87270482827292!3d-9.561637268666646!2m3!1f0!2f0!3f0!3m2!1i1024!2i768!4f13.1!3m3!1m2!1s0x9c59c7ebcc28cf%3A0x295a1506f2293e63!2sBrasil!5e1!3m2!1spt-BR!2sbr!4v1737933635476!5m2!1spt-BR!2sbr,https://encrypted-tbn0.gstatic.com/images?q=tbn:ANd9GcRqr7_Wm7bb_nzloK1eZ8KHRaaGcIv0lP9blvAa-qeCGg&s=10,https://i2.wp.com/guiadassuculentas.com/wp-content/uploads/2020/12/Maracuja-Doce-Saiba-Tudo-Sobre-Essa-Planta.jpg?fit=1280%2C960&ssl=1,https://loja.solfarma.com.br/imagens/produto/grande/0000010266_001.PNG
"Alho, alho-de-cabeça, alho-comum.",Allium sativum L.,Não há,,,,,,Bulbo,Auxilia na prevenção de alterações ateroscleróticas (idade dependente). Pode servir como auxiliar no alívio dos sintomas associados às afecções das vias aéreas superiores (IVAS) e na congestão nasal decorrente do acúmulo excessivo de muco.,Alcoolatura,"Tomar 3 a 10 mL diluídos em 50 mL de água, divididos em duas a três vezes ao dia.","O uso da preparação é especialmente contraindicado para menores de 18 anos, gestantes, lactantes, alcoolistas e diabéticos, em função do teor alcoólico na formulação. O consumo de alho pode aumentar o risco hemorrágico durante e após cirurgias. Suspender o uso sete dias antes de cirurgias. O uso concomitante com medicamentos antiagregantes plaquetários, tais como ácido acetilsalicílico e varfarina, pode aumentar o tempo de sangramento. A ingestão de A. sativum e seus derivados em jejum pode ocasionalmente causar pirose, náusea, vômitos e diarreia. O odor de alho exalado pela pele e pela respiração pode ser perceptível. O uso concomitante com medicamentos antirretrovirais inibidores da protease tais como saquinavir, pode levar a falhas na terapia antirretroviral e possível resistência a esses fármacos. A coadministração com atorvastatina pode aumentar a meia vida desse medicamento devido a inibição da CYP3A4. Pode potencializar o efeito diurético da hidroclorotiazida. O aumento da biodisponibilidade de alguns fármacos anti-hipertensivos, como o captopril, pode ocorrer e pode provocar hipotensão arterial. Em altas doses pode provocar náuseas, desconforto gástrico e/ou esofágico. O uso crônico em doses excessivas também pode resultar na diminuição da produção de hemoglobina e lise de eritrócitos. Reações alérgicas foram relatadas, principalmente na forma de dermatite e erupção cutânea. Em caso de aparecimento de eventos adversos, suspender o uso do produto e consultar um médico ou farmacêutico.",https://www.google.com/maps/embed?pb=!1m18!1m12!1m3!1d55166780.88375429!2d60.294944656105145!3d27.545699431025522!2m3!1f0!2f0!3f0!3m2!1i1024!2i768!4f13.1!3m3!1m2!1s0x31508e64e5c642c1%3A0x951daa7c349f366f!2sChina!5e1!3m2!1spt-BR!2sbr!4v1737937996447!5m2!1spt-BR!2sbr,https://cdn.portalsaofrancisco.com.br/wp-content/uploads/2016/01/aalho-h63.jpg,https://th.bing.com/th/id/OIP.SLUsSPBLAbIyA17psoAXjgHaEg?rs=1&pid=ImgDetMain,
"Oliva, oliveira.",Olea europaea L.,Não há,,,,,,Folhas,Auxilia no aumento do fluxo urinário em casos de retenção hídrica leve desde que situações graves tenham sido descartadas por um médico.,Chá (Infusão),"Tomar o infuso até três vezes ao dia, respeitando a dose máxima diária de até 30 g de folhas.","Uso contraindicado para pessoas portadoras de desordens cardíacas ou renais, quando demandarem redução da ingestão de líquidos. Tradicionalmente, o produto é utilizado durante duas a quatro semanas. Se os sintomas persistirem após uma semana ou piorarem durante o uso, um médico deverá ser consultado. Polinose (febre do feno) manifestada sob a forma de rinite ou asma brônquica pode ocorrer. O uso é contraindicado durante a gestação, lactação e para menores de 18 anos, devido à falta de dados adequados que comprovem a segurança nessas situações. Em caso de uso prévio de diuréticos ou patologias renais existentes, deve ser considerada a avaliação de um médico para a utilização. Em caso de aparecimento de eventos adversos, suspender o uso do produto e consultar um médico ou farmacêutico.",https://www.google.com/maps/embed?pb=!1m18!1m12!1m3!1d25816481.8842651!2d-28.339166523803595!3d33.91701289312425!2m3!1f0!2f0!3f0!3m2!1i1024!2i768!4f13.1!3m3!1m2!1s0xc42e3783261bc8b%3A0xa6ec2c940768a3ec!2sEspanha!5e1!3m2!1spt-BR!2sbr!4v1737939184135!5m2!1spt-BR!2sbr,https://i1.wp.com/revistajardins.pt/wp-content/uploads/2017/08/101796883-1.jpg?w=900&ssl=1,https://portalvidalivre.com/uploads/content/image/43323/AdobeStock_27635249.jpeg,
"Garra-do-diabo, unha-do-diabo",Harpagophytum procumbens (Burch.) DC. ex Meisn.,Arpafito,GEOLAB INDÚSTRIA FARMACÊUTICA S/A,"Tratamento de quadros reumatológicos, tais como artrites e artroses, assim como no tratamento de lombalgias, mialgias e demais dores osteomioarticulares.","Ingerir 1 comprimido, 3 vezes ao dia.","Não descartar em lixo doméstico ou vaso sanitário. Descartar em pontos de coleta, como farmácias comunitárias e unidades básicas de saúde, conforme políticas locais.","Pacientes com úlceras estomacais e/ou duodenais, cálculos biliares, síndrome do intestino irritável ou litíase biliar.",Raízes,"Auxilia no alívio da dor articular leve; auxilia no tratamento sintomático de queixas gastrintestinais leves, tais como distensão abdominal e flatulência.",Macerado,Dividir o volume preparado em três partes e tomar uma parte três vezes ao dia.,"O uso é contraindicado durante a gestação, lactação e para pessoas portadoras de úlcera gástrica ou duodenal, ou que apresentem doenças cardiovasculares, assim como para menores de 18 anos de idade. Não usar por mais de quatro semanas quando utilizado para alívio da dor articular e não mais de duas semanas quando indicado para alívio dos sintomas decorrentes de distúrbios digestivos leves. Pessoas portadoras de cálculo biliar devem consultar um médico previamente ao uso. Na presença de dor articular acompanhada de edema, eritema ou febre, o paciente deve ser examinado por um médico. Pode causar eventos adversos como: sintomas gastrointestinais (diarreia, náuseas, vômitos, dor abdominal), distúrbios do sistema nervoso central (cefaleia, tontura) e reações alérgicas (rash cutâneo, urticária e edema facial). Há um relato de caso de púrpura com o uso associado à varfarina. Em caso de aparecimento de eventos adversos, suspender o uso do produto e consultar um médico ou farmacêutico.",https://www.google.com/maps/embed?pb=!1m18!1m12!1m3!1d14372583.213549085!2d8.638149544696864!3d-22.48398544255927!2m3!1f0!2f0!3f0!3m2!1i1024!2i768!4f13.1!3m3!1m2!1s0x1c10f4cc16b50455%3A0xaa87e0b6c073e175!2sKalahari!5e1!3m2!1spt-BR!2sbr!4v1737939861142!5m2!1spt-BR!2sbr,https://imgs.search.brave.com/5B581KB7dZMqvfBQmO1XIvgRqcmQ3htZqw7pSa6Qi5w/rs:fit:860:0:0:0/g:ce/aHR0cHM6Ly9tZWRp/YS5pc3RvY2twaG90/by5jb20vaWQvMTM3/MjUxNjIyMy9wdC9m/b3RvL2RldGFpbGVk/LXBob3Rvcy1vZi10/aGUtZGV2aWxzLWNs/YXcuanBnP2I9MSZz/PTYxMng2MTImdz0w/Jms9MjAmYz1XLTVC/Mm1MbEVFb05KT1ZC/ZnpuN2ExeU5vdFJ3/Y29OMHktdDV4MEgz/bUJnPQ,https://th.bing.com/th/id/OIP.5WBNZWtwzE6n7l0QCxx07AHaE8?rs=1&pid=ImgDetMain,https://www.geolab.com.br/wp-content/uploads/2021/05/Arpafito-470mg_1000X1000px-500x500-1.png
Guaraná,Paullinia cupana Kunth,Catuama,LABORATORIO CATARINENSE LTDA.,Estimulante sobre o sistema nervoso central no combate à cansaços físicos e mentais (astenia).,"Ingerir de 1 a 2 cápsulas, 2 vezes ao dia, antes das refeições.","Não descartar em lixo doméstico ou vaso sanitário. Descartar em pontos de coleta, como farmácias comunitárias e unidades básicas de saúde, conforme políticas locais.
","Pacientes com ansiedade, arritmias, taquicardia, hipertensão, gastrite, diabetes, hipertireoidismo, durante a gravidez, lactação e menores de 12 anos.",,,,,,https://www.google.com/maps/embed?pb=!1m18!1m12!1m3!1d30131280.558911245!2d-51.31668000000004!3d-14.409526149999987!2m3!1f0!2f0!3f0!3m2!1i1024!2i768!4f13.1!3m3!1m2!1s0x9c59c7ebcc28cf%3A0x295a1506f2293e63!2sBrasil!5e1!3m2!1spt-BR!2sbr!4v1737940825386!5m2!1spt-BR!2sbr,https://cfn.org.br/wp-content/uploads/2017/01/Guarana_resize-770x350.jpg,https://www.jardineriaon.com/wp-content/uploads/2024/01/planta-de-guarana-portada.jpg,https://www.farmaciamix.com.br/imagens-complete/400x400/catuama-com-30-capsulas-4c09045166.jpg
"Gerânio-sul-africano, kaloba",Pelargonium sidoides DC.,Blugripe,BRAINFARMA INDÚSTRIA QUÍMICA E FARMACÊUTICA S.A.,"Promove a melhora da resposta imunológica, auxiliando no tratamento de doenças agudas ou crônicas do sistema respiratório e ouvido, como resfriado , sinusite, rinofaringites, bronquites e algumas infecções bacterianas da garganta e ouvido.","Ingerir 30 gotas, 3 vezes ao dia (Adultos e crianças maiores de 12 anos). Ingerir 20 gotas, 3 vezes ao dia (Crianças com idade entre 6 e 12 anos).","Não descartar em lixo doméstico ou vaso sanitário. Descartar em pontos de coleta, como farmácias comunitárias e unidades básicas de saúde, conforme políticas locais.","Pessoas com hipersensibilidade aos componentes da fórmula, menores de 1 ano, grávidas, lactantes, pessoas com tendência a sangramentos, com doenças renais ou hepáticas, concomitante ao uso de anticoagulantes, anti-inflamatórios não-esteroidais e inibidores da agregação plaquetária.
",,,,,,https://www.google.com/maps/embed?pb=!1m18!1m12!1m3!1d26177685.59751394!2d5.869512166176141!3d-32.705683118278706!2m3!1f0!2f0!3f0!3m2!1i1024!2i768!4f13.1!3m3!1m2!1s0x1c34a689d9ee1251%3A0xe85d630c1fa4e8a0!2s%C3%81frica%20do%20Sul!5e1!3m2!1spt-BR!2sbr!4v1737941642109!5m2!1spt-BR!2sbr,https://avancine.com.br/wp-content/uploads/GeranioComum_WooDestaque.webp,https://th.bing.com/th/id/R.87d5d257113b71da17c0b14ae1ac4e86?rik=rJyky692jikCuw&pid=ImgRaw&r=0,https://th.bing.com/th/id/OIP.KeEp6_SnoOcqj3PNt2WDsAHaHa?rs=1&pid=ImgDetMain
"Cardo-mariano, cardo-santo, silibina, silimarina.",Silybum marianum (L.) Gaertner,Cardomarin,NATULAB LABORATÓRIO S.A.,"Os medicamentos são considerados hepatoprotetores, auxiliando no alívio dos sintomas dispépticos e tratamento de distúrbios digestivos.","Ingerir 3 comprimidos, 1 vez ao dia.","Não descartar em lixo doméstico ou vaso sanitário. Descartar em pontos de coleta, como farmácias comunitárias e unidades básicas de saúde, conforme políticas locais.
","Pacientes com hipersensibilidade aos componentes da fórmula, crianças menores de 12 anos, grávidas (risco C), pacientes em uso de metronidazol, concomitantemente a medicamentos a base de ioimbina, fentolamina. butiferonas, fenotiazidas e antidepressivos inibidores da MAO (monoaminoxidase).",Frutos,Auxilia no alívio dos sintomas dispépticos.,Chá (Infusão),"Tomar 100 mL do infuso, de duas a três vezes ao dia, antes das refeições.","O uso é contraindicado durante a gestação, lactação e para menores de 18 anos, devido à falta de dados adequados que comprovem a segurança nessas. Esse produto pode desencadear efeitos adversos leves e sintomas gastrointestinais, tais como, xerostomia (boca seca), irritação gástrica e diarreia; cefaleia e reações alérgicas, tais como, dermatite, urticaria, rash cutâneo, prurido, anafilaxia. Em caso de aparecimento de eventos adversos, suspender o uso do produto e consultar um médico ou farmacêutico.",https://www.google.com/maps/embed?pb=!1m18!1m12!1m3!1d59592200.74450172!2d-36.132830233871516!3d16.710912583326156!2m3!1f0!2f0!3f0!3m2!1i1024!2i768!4f13.1!3m3!1m2!1s0x118209d86a076539%3A0x2191ab7a0a4ed8d0!2s%C3%81frica%20do%20Norte!5e1!3m2!1spt-BR!2sbr!4v1737942823483!5m2!1spt-BR!2sbr,https://i0.wp.com/guiadassuculentas.com/wp-content/uploads/2022/03/Cardo-Mariano-Um-Guia-Completo-Desta-Planta.jpg?resize=844%2C633&ssl=1,https://th.bing.com/th/id/R.e7ae769611dec4c85a1cd13be92b4c48?rik=%2fmbTgztLMCVAIw&pid=ImgRaw&r=0,https://images.tcdn.com.br/img/img_prod/745294/cardomarin_254mg_com_20_capsulas_natulab_4881_1_1c4f23e693983281428d24cd8b0ab05f.jpg
"Alfazema, lavanda.",Lavandula angustifolia Mill,Não há,,,,,,Flores,Auxiliar no alívio da ansiedade e insônia leves.,Chá (Infusão),1 a 2 gramas da droga vegetal em 150 mL de água. Adicione a água fervente sobre a droga vegetal e deixe em repouso por 10 a 15 minutos antes de usar.,"O uso é contraindicado durante a gestação, lactação e para menores de 12 anos, devido à falta de dados adequados que comprovem a segurança nessas situações. Deve ser usado com cautela em pessoas com colite e hepatopatia. O uso pode comprometer a capacidade de conduzir e operar máquinas; portanto, as pessoas em uso deste produto não devem dirigir nem operar máquinas. Não deve ser utilizado concomitantemente com depressores do Sistema Nervoso Central (SNC), como álcool etílico, benzodiazepínicos e narcóticos. O uso oral em pessoas com gastrite ou úlcera gastroduodenal pode provocar náuseas e vômitos devido à irritação da mucosa gástrica (por ação do linalol). Como efeitos adversos, pode desencadear sonolência, cefaleia, constipação intestinal, dermatite de contato, confusão mental e hematúria em doses elevadas ou tóxicas, ou em pessoas hipersensíveis. O uso contínuo não deve ultrapassar 15 a 20 dias, podendo o tratamento ser repetido, se necessário, após 7 dias de intervalo. Deve ser usado com cautela em pessoas com úlcera gastroduodenal, síndrome do intestino irritável, doença de Crohn, hepatopatia, epilepsia e doença de Parkinson. Em caso de aparecimento de efeitos adversos, suspenda o uso do produto e consulte um médico ou farmacêutico.",https://www.google.com/maps/embed?pb=!1m18!1m12!1m3!1d5839529.032999126!2d140.87583745644156!3d-41.33812726728642!2m3!1f0!2f0!3f0!3m2!1i1024!2i768!4f13.1!3m3!1m2!1s0xaa7aed277e34facf%3A0x2a8fa5dd29404064!2zVGFzbcOibmlhLCBBdXN0csOhbGlh!5e1!3m2!1spt-BR!2sbr!4v1738321595922!5m2!1spt-BR!2sbr,https://i.pinimg.com/originals/48/37/35/48373531b028ee620569f63263002c81.jpg,https://th.bing.com/th/id/R.2269b56f6e993bcdae508780ade6b788?rik=pYrjjCR49KiM6A&pid=ImgRaw&r=0,
"Erva-de-são-joão, hipérico, hipericão, mil-furada.",Hypericum perforatum L.,Hipericin,HERBARIUM LABORATORIO BOTANICO LTDA,"Tratamento de depressão leve a moderada, além de ter ação cicatrizante.","Ingerir 1 cápsula, 3 vezes ao dia (adulto). Ingerir 1 cápsula, 1 vez ao dia (crianças de 6 a 12 anos).","Não descartar em lixo doméstico ou vaso sanitário. Descartar em pontos de coleta, como farmácias comunitárias e unidades básicas de saúde, conforme políticas locais.","Pacientes com hipersensibilidade aos componentes da fórmula, menores de 6 anos, grávidas, lactantes, depressão grave, em uso concomitante de ciclosporina, teofilina, anticoagulantes cumarínicos, anticoncepcionais orais, digoxina, indinavir, clorpromazina, tetraciclina, inibidores da protease e transcriptase reversa, antidepressivos inibidores da recaptação da serotonina e até 2 semanas após o término do tratamento com inibidores da monoaminoxidase (IMAO).",,,,,,https://www.google.com/maps/embed?pb=!1m18!1m12!1m3!1d60924485.415671155!2d54.55272035376464!3d21.250260899922907!2m3!1f0!2f0!3f0!3m2!1i1024!2i768!4f13.1!3m3!1m2!1s0x3663f18a24cbe857%3A0xa9416bfcd3a0f459!2zw4FzaWE!5e0!3m2!1spt-BR!2sbr!4v1738955885428!5m2!1spt-BR!2sbr,https://www.queridasplantas.com/wp-content/uploads/2022/11/Erva-de-sao-joao-Hypericum-perforatum.jpg,https://static.tuasaude.com/media/article/jc/sn/erva-de-sao-joao_3699_l.jpg,
"Malva, malva-das-boticas, malva-grande, malva-silvestre, malva-verde",Malva sylvestris L.,Não há,,,,,,Folhas e/ou flores.,"Auxiliar no tratamento sintomático da inflamação, tendo ação cicatrizante, cutânea e orofaríngea, e como antisséptico para a cavidade oral.",Chá (Decocção),"Aplicar o decocto com auxílio de algodão sobre o local afetado (embrocação), três vezes ao dia. Fazer bochechos ou gargarejos três vezes ao dia.","O uso é contraindicado durante a gestação, lactação e para menores de 18 anos. Em estudo realizado em animais foram observados casos de espasmos musculares. Não são conhecidas interações medicamentosas, porém o efeito laxante da mucilagem pode interferir na absorção de alguns fármacos, especialmente vitaminas e minerais, portanto é recomendado utilizar o produto uma hora antes ou após a administração de medicamentos. Em caso de aparecimento de reações alérgicas ou demais eventos adversos, suspender o uso do produto e consultar um médico ou farmacêutico.",https://www.google.com/maps/embed?pb=!1m18!1m12!1m3!1d32194842.39325647!2d-98.35971727486464!3d-9.931087153706224!2m3!1f0!2f0!3f0!3m2!1i1024!2i768!4f13.1!3m3!1m2!1s0x9c59c7ebcc28cf%3A0x295a1506f2293e63!2sBrasil!5e0!3m2!1spt-BR!2sbr!4v1738956190040!5m2!1spt-BR!2sbr,http://upload.wikimedia.org/wikipedia/commons/d/d4/Malva_sylvestris_mauritiana.JPG,"https://www.picturethisai.com/wiki-image/1080/305A71435BFB4F3F8D2B015B42400EC6.jpeg?x-oss-process=image/resize,l_600",
Alcaçuz.,Glycyrrhiza glabra L.,Não há,,,,,,Raízes,"Ação anti-inflamatória e expectorante, aliviando problemas respiratórios.",Chá (Decocção),"1,5 a 2 gramas da droga vegetal em 150 mL de água. Ferver a droga vegetal junto com água por 5-10 minutos, deixar resfriar e tomar.","O uso é contraindicado durante a gestação, lactação e para de menores de 18 anos, devido à falta de dados adequados que comprovem a segurança nessas situações. Se os sintomas relacionados à dispepsia persistirem por mais de duas semanas ou se o muco e tosse, piorarem durante o uso do medicamento ou se ocorrer dispneia, febre, expectoração com secreção purulenta ou dor de orofaringe ou tosse persistente por mais de três dias, um médico deverá ser consultado. Não é recomendada a utilização concomitante com espironolactona, corticosteroides, diuréticos, glicosídeos cardiotônicos, laxantes estimulantes ou outros medicamentos que possam agravar o desequilíbrio eletrolítico. Também é contraindicada a utilização concomitante a outros medicamentos que contenham alcaçuz, pois pode ocorrer retenção hídrica, hipocalemia, hipertensão arterial e arritmia cardíaca. Não deve ser associado à terapia de reposição de estrógenos. Pode aumentar a biodisponibilidade de nitrofurantoína. Pode potencializar o efeito de inibidores da MAO. Não usar em pessoas com afecções renais, hepáticas, cardiovasculares, hipocalemia e hipertonia. Com o uso prolongado ou em doses mais elevadas, os efeitos mineralocorticoides podem ser manifestados sob a forma de retenção de sódio e água, perda de potássio com hipertensão arterial, edema, arritmia cardíaca, encefalopatia hipertensiva e em casos raros, pode ocorrer mioglobinúria. O uso do medicamento não deve ultrapassar quatro semanas. Esse medicamento pode antagonizar o efeito de anti-hipertensivos. Não recomendado para gestantes ou lactantes, ou mulheres tentando engravidar. Não deve ser utilizado por pessoas em recuperação de alcoolismo pela possibilidade de apresentar maior sensibilidade aos efeitos adversos, especialmente miopatia devido à perda de potássio. Não utilizar em pessoas com sobrepeso devido ao risco de hipertensão arterial, diabetes e distúrbios cardiovasculares. Não deve ser utilizado em diabéticos, com secreção profusa ou congestão das membranas mucosas. Não utilizar em homens com baixa libido ou outras disfunções sexuais. Em caso de aparecimento de eventos adversos, suspender o uso do produto e consultar um médico ou farmacêutico.",https://www.google.com/maps/embed?pb=!1m18!1m12!1m3!1d22058948.762285057!2d1.0366031129990156!3d47.553334950922746!2m3!1f0!2f0!3f0!3m2!1i1024!2i768!4f13.1!3m3!1m2!1s0x46ed8886cfadda85%3A0x72ef99e6b3fcf079!2sEuropa!5e0!3m2!1spt-BR!2sbr!4v1738956810944!5m2!1spt-BR!2sbr,https://www.eusemfronteiras.com.br/wp-content/uploads/2022/12/shutterstock_1951512691.jpg,https://tudoela.com/wp-content/uploads/2018/11/Alca%C3%A7uz-1-768x510.jpg,
"Eucalipto, eucalipto-azul, árvore-da-febre, eucalipto-da-tasmânia",Eucalyptus globulus Labill.,Bronquivita,LABORATÓRIO VITALAB LTDA.,Expectorante e antitussígeno.,"Ingerir ½ colher (2,5 mL para crianças de 2 a 3 anos), 1 colher (5 mL para crinaças de 3 a 6 anos), ½ colher (7,5 mL para crianças de 7 a 12 anos), 1 colher (15 mL para adultos).","Não descartar em lixo doméstico ou vaso sanitário. Descartar em pontos de coleta, como farmácias comunitárias e unidades básicas de saúde, conforme políticas locais.","Pacientes com inflamação do trato gastrintestinal e/ou das vias biliares, menores de 2 anos. Nos pacientes com funções prejudicadas dos rins ou fígado, não se recomenda a utilização desse medicamento, salvo se houver orientação médica em contrário.",Folhas,Auxiliar no alívio da tosse produtiva associada ao resfriado comum.,Chá (Infusão),"1,5 a 3 gramas da droga vegetal em 150 mL de água. Adicionar a água fervente sobre a droga vegetal e deixar em repouso por 10-15 minutos antes de usar.","O uso é contraindicado durante a gestação, lactação e para crianças menores de 12 anos, devido à falta de dados adequados que comprovem a segurança nessas situações. Crianças com menos de 30 meses podem apresentar laringoespasmo devido à presença de cineol. Uso contraindicado para crianças com histórico de convulsões. Em caso de dispneia, febre ou tosse com a presença de secreção purulenta ou se os sintomas persistirem por mais de uma semana, um médico deve ser consultado. Em casos de ingestão excessiva,, podem ocorrer náuseas, vômito e diarreia. Não deve ser administrado internamente a pessoas com inflamação do trato gastrointestinal, disfunções da vesícula biliar ou insuficiência hepática. O uso oral pode reduzir a ação de alguns medicamentos porque o óleo essencial pode induzir enzimas hepáticas envolvidas no metabolismo de alguns fármacos. É contraindicado em pessoas hipotensas, devido ao efeito hipotensivo quando usado em altas doses. Em caso de aparecimento de eventos adversos, suspender o uso do produto e consultar um médico ou farmacêutico.",https://www.google.com/maps/embed?pb=!1m18!1m12!1m3!1d31793018.894942272!2d-73.16447107577311!3d-13.413332832511053!2m3!1f0!2f0!3f0!3m2!1i1024!2i768!4f13.1!3m3!1m2!1s0x9c59c7ebcc28cf%3A0x295a1506f2293e63!2sBrasil!5e0!3m2!1spt-BR!2sbr!4v1738957303489!5m2!1spt-BR!2sbr,https://media.plantamus.com/product/eucalyptus-camaldulensis-eucalipto-colorado-800x800.jpg,http://upload.wikimedia.org/wikipedia/commons/d/d4/Eucalyptus_curtisii.jpg,